transformer_block,rate,dependent_variable,independent_variable,pearson_corr,spearman_corr,kendall_tau,pearson_pval,spearman_pval,kendall_pval
attention.dense.weight,0.8,final_top1_accuracy,lnum,-0.8845660548708687,-0.9304347826086956,-0.8115942028985507,9.708545041387532e-09,4.6011084183702904e-11,9.883108561864623e-11
attention.dense.weight,0.8,final_top1_accuracy,norm,-0.14504887305372532,-0.17739130434782607,-0.16666666666666669,0.49888344486277736,0.40696255139715676,0.2675071977260416
attention.dense.weight,0.8,final_top1_accuracy,relative_error_x,-0.226855449631646,-0.28782608695652173,-0.1956521739130435,0.2864199745698799,0.17261549938271942,0.1907535857010569
attention.dense.weight,0.8,final_top1_accuracy,original_frobenius_norm,-0.08643925141754921,-0.16260869565217392,-0.15942028985507248,0.6879702022938274,0.44775415138241514,0.28955196649018894
attention.dense.weight,0.8,final_top1_accuracy,original_spectral_norm,-0.41346398707623794,-0.5339130434782609,-0.391304347826087,0.044609988685994764,0.007204793915181844,0.006957485693871034
attention.dense.weight,0.8,final_top1_accuracy,original_nuclear_norm,-0.10938173459409423,-0.13391304347826086,-0.14492753623188404,0.6109037770397692,0.5327356259700111,0.33713069668005113
attention.dense.weight,0.8,final_top1_accuracy,original_condition_number,0.4734738351920872,-0.19130434782608693,-0.13768115942028986,0.019439620749887365,0.37053280666994315,0.3626613999876752
attention.dense.weight,0.8,final_top1_accuracy,original_shannon_entropy,-0.2115209327381663,-0.27391304347826084,-0.20289855072463767,0.32109773500345257,0.1952518810744161,0.17433102126494238
attention.dense.weight,0.8,final_top1_accuracy,diff_frobenius_norm,-0.14491122865899092,-0.17739130434782607,-0.16666666666666669,0.4992952750103641,0.40696255139715676,0.2675071977260416
attention.dense.weight,0.8,final_top1_accuracy,diff_spectral_norm,-0.10567215172376887,-0.15043478260869564,-0.15942028985507248,0.6231227069623704,0.48290169232371793,0.28955196649018894
attention.dense.weight,0.8,final_top1_accuracy,diff_nuclear_norm,-0.1507531301946678,-0.17478260869565218,-0.15217391304347824,0.4819652224211945,0.41400702240858334,0.31275941965675913
attention.dense.weight,0.8,final_top1_accuracy,diff_condition_number,-0.03449557373115156,-0.04347826086956521,-0.043478260869565216,0.8728662660893618,0.8401329841149333,0.7872722233024857
attention.dense.weight,0.8,final_top1_accuracy,diff_shannon_entropy,-0.0788121166796846,-0.17043478260869566,-0.11594202898550725,0.7143219731141319,0.4258955363074477,0.44607885611402504
attention.dense.weight,0.8,final_top1_accuracy,energy_retained,0.2190961053052724,0.28782608695652173,0.1956521739130435,0.3036611054819841,0.17261549938271942,0.1907535857010569
attention.dense.weight,0.8,final_top1_accuracy,lnum_over_spectral,-0.8530013554892859,-0.9234782608695651,-0.8043478260869565,1.1895329367917916e-07,1.2702470317295964e-10,1.7556002419973754e-10
attention.dense.weight,0.8,final_top1_accuracy,edited_frobenius_norm,-0.043366146180219445,-0.07913043478260869,-0.07246376811594202,0.8405400682218809,0.7132155791016112,0.6409517533780805
attention.dense.weight,0.8,final_top1_accuracy,edited_spectral_norm,-0.4134639424235732,-0.5339130434782609,-0.391304347826087,0.04461001402909357,0.007204793915181844,0.006957485693871034
attention.dense.weight,0.8,final_top1_accuracy,edited_nuclear_norm,-0.03438786217861001,-0.07565217391304348,-0.08695652173913043,0.8732601111620124,0.7253351223309568,0.5722308252961283
attention.dense.weight,0.8,final_top1_accuracy,edited_condition_number,0.3289056429809599,0.6382608695652173,0.43478260869565216,0.11657527530237252,0.0007906217319767449,0.0024990547610735845
attention.dense.weight,0.8,final_top1_accuracy,edited_cut_off_sv,-0.2756577854920601,-0.6453577017096824,-0.45372125540039226,0.1923075552329726,0.0006606010482854622,0.001925398574055901
attention.dense.weight,0.8,final_top1_accuracy,edited_shannon_entropy,0.005484770174828735,0.023478260869565212,0.007246376811594203,0.9797076278202008,0.9132865779270147,0.9804334461613707
attention.dense.weight,0.8,final_perplexity,lnum,0.628194359216912,0.8252173913043478,0.6956521739130435,0.0010125467886330235,6.966885939410449e-07,1.800588368372513e-07
attention.dense.weight,0.8,final_perplexity,norm,-0.10282331699228764,0.04434782608695652,0.09420289855072464,0.6325726051065625,0.8369769840650598,0.5392054402251256
attention.dense.weight,0.8,final_perplexity,relative_error_x,0.002185753892831613,0.15478260869565216,0.12318840579710144,0.991912537555077,0.4701917070737499,0.4171545702283505
attention.dense.weight,0.8,final_perplexity,original_frobenius_norm,-0.125081159542298,0.033913043478260865,0.07246376811594202,0.5603290002579131,0.8749966229566861,0.6409517533780805
attention.dense.weight,0.8,final_perplexity,original_spectral_norm,0.7072098683242125,0.577391304347826,0.463768115942029,0.00011140543151250015,0.0031332357033776004,0.0011772109119610658
attention.dense.weight,0.8,final_perplexity,original_nuclear_norm,-0.12689993921260012,0.002608695652173913,0.07246376811594202,0.5545943636686892,0.9903476848039034,0.6409517533780805
attention.dense.weight,0.8,final_perplexity,original_condition_number,-0.23729312522739432,0.17043478260869566,0.15217391304347824,0.26421839938836994,0.4258955363074477,0.31275941965675913
attention.dense.weight,0.8,final_perplexity,original_shannon_entropy,0.011615403651437706,0.16695652173913042,0.13043478260869565,0.9570407240201044,0.4355381053206143,0.38934138095270887
attention.dense.weight,0.8,final_perplexity,diff_frobenius_norm,-0.10291515856304541,0.04434782608695652,0.09420289855072464,0.6322670743387402,0.8369769840650598,0.5392054402251256
attention.dense.weight,0.8,final_perplexity,diff_spectral_norm,-0.11637409761496333,0.015652173913043476,0.07246376811594202,0.5881456094780478,0.9421320594035385,0.6409517533780805
attention.dense.weight,0.8,final_perplexity,diff_nuclear_norm,-0.10165446963133,0.046956521739130425,0.07971014492753624,0.6364661080681416,0.8275237958648594,0.6061655660716706
attention.dense.weight,0.8,final_perplexity,diff_condition_number,-0.1336102509017627,-0.020869565217391303,-0.014492753623188406,0.5336709343643631,0.9228917031216202,0.9413463081964002
attention.dense.weight,0.8,final_perplexity,diff_shannon_entropy,-0.008166212560553759,0.16173913043478258,0.11594202898550725,0.9697906013705582,0.4502188848463706,0.44607885611402504
attention.dense.weight,0.8,final_perplexity,energy_retained,0.00937817226381521,-0.15478260869565216,-0.12318840579710144,0.9653096382103197,0.4701917070737499,0.4171545702283505
attention.dense.weight,0.8,final_perplexity,lnum_over_spectral,0.6132675683661006,0.8234782608695651,0.6884057971014493,0.001439239019083443,7.701888367045257e-07,2.619805784361419e-07
attention.dense.weight,0.8,final_perplexity,edited_frobenius_norm,-0.1309148895189322,-0.04608695652173912,-0.014492753623188406,0.5420305812998404,0.8306723439322352,0.9413463081964002
attention.dense.weight,0.8,final_perplexity,edited_spectral_norm,0.7072100836803483,0.577391304347826,0.463768115942029,0.00011140465560967369,0.0031332357033776004,0.0011772109119610658
attention.dense.weight,0.8,final_perplexity,edited_nuclear_norm,-0.1571184539211329,-0.05739130434782608,0.0,0.4634350422242628,0.7899551413098403,1.0
attention.dense.weight,0.8,final_perplexity,edited_condition_number,-0.46864629805431607,-0.5817391304347826,-0.42028985507246375,0.020892923116329766,0.002864741090903554,0.0035635597431467976
attention.dense.weight,0.8,final_perplexity,edited_cut_off_sv,0.704782976444047,0.6001304773311064,0.43920217522757976,0.0001204554077390813,0.0019338335584385253,0.0026798628020249225
attention.dense.weight,0.8,final_perplexity,edited_shannon_entropy,-0.2043390752826924,-0.1643478260869565,-0.07971014492753624,0.33817838466278377,0.44284615123933957,0.6061655660716706
attention.dense.weight,0.8,edited_top1_accuracy,lnum,0.47638375055060717,0.3735594782807394,0.2722327532402354,0.018604003004808273,0.07216067257641832,0.06275790689861092
attention.dense.weight,0.8,edited_top1_accuracy,norm,-0.16942361118057067,-0.15525114522261227,-0.1343014915985161,0.4286867283727587,0.46883237679530954,0.35859511242523767
attention.dense.weight,0.8,edited_top1_accuracy,relative_error_x,0.07926456615903045,-0.30267450161047105,-0.235935052808204,0.7127495398339161,0.1505432360110145,0.10679178879725576
attention.dense.weight,0.8,edited_top1_accuracy,original_frobenius_norm,-0.21337570943682646,-0.19265058076643485,-0.1633396519441412,0.31677327035878283,0.36711101855183526,0.26419034422086607
attention.dense.weight,0.8,edited_top1_accuracy,original_spectral_norm,-0.11903322329667038,-0.12263535841113912,-0.06896563082085963,0.5795877260779849,0.5680824793632855,0.6373346215537954
attention.dense.weight,0.8,edited_top1_accuracy,original_nuclear_norm,-0.19692279843491003,-0.19047619497900334,-0.1633396519441412,0.3563740291924782,0.3726468800362529,0.26419034422086607
attention.dense.weight,0.8,edited_top1_accuracy,original_condition_number,-0.3261036691764479,-0.3144161848626014,-0.2068968924625789,0.11990907153720373,0.13456523672938975,0.15727791238811745
attention.dense.weight,0.8,edited_top1_accuracy,original_shannon_entropy,0.06463719202577825,-0.21482931579823658,-0.18511827220336002,0.7641269541931616,0.31340910588056914,0.20572299805768124
attention.dense.weight,0.8,edited_top1_accuracy,diff_frobenius_norm,-0.16951140734844422,-0.15525114522261227,-0.1343014915985161,0.4284439883627504,0.46883237679530954,0.35859511242523767
attention.dense.weight,0.8,edited_top1_accuracy,diff_spectral_norm,-0.167438691639041,-0.20047836960118842,-0.1633396519441412,0.4341944696778911,0.3475801296422397,0.26419034422086607
attention.dense.weight,0.8,edited_top1_accuracy,diff_nuclear_norm,-0.17853671961824535,-0.16046967111244803,-0.1343014915985161,0.4038906361139366,0.4538298914496983,0.35859511242523767
attention.dense.weight,0.8,edited_top1_accuracy,diff_condition_number,0.17398466271527435,0.23787780514501097,0.15608011185773496,0.41617509667284824,0.26300835920402715,0.28600904888063594
attention.dense.weight,0.8,edited_top1_accuracy,diff_shannon_entropy,-0.07101268440509184,-0.2552728914444633,-0.18511827220336002,0.7416004651178127,0.22863299015339386,0.20572299805768124
attention.dense.weight,0.8,edited_top1_accuracy,energy_retained,-0.05364545292129202,0.30267450161047105,0.235935052808204,0.8033938265000257,0.1505432360110145,0.10679178879725576
attention.dense.weight,0.8,edited_top1_accuracy,lnum_over_spectral,0.6110004159650918,0.398347476257459,0.29401137349945416,0.001515896812773939,0.053857770300048936,0.044455007454585325
attention.dense.weight,0.8,edited_top1_accuracy,edited_frobenius_norm,-0.22486843239534068,-0.13350728734829684,-0.105263331252891,0.29077528714067175,0.5339891583922398,0.4718026759320014
attention.dense.weight,0.8,edited_top1_accuracy,edited_spectral_norm,-0.11903303474664623,-0.12263535841113912,-0.06896563082085963,0.5795883309586953,0.5680824793632855,0.6373346215537954
attention.dense.weight,0.8,edited_top1_accuracy,edited_nuclear_norm,-0.21054218369792216,-0.136551427450701,-0.105263331252891,0.3233940959349042,0.524618611949863,0.4718026759320014
attention.dense.weight,0.8,edited_top1_accuracy,edited_condition_number,0.08508559908626548,0.052185258898357074,0.0471870105616408,0.6926224543430124,0.8086473455405123,0.7470311555982709
attention.dense.weight,0.8,edited_top1_accuracy,edited_cut_off_sv,0.05456131122971139,-0.12657677250978686,-0.08727272727272725,0.8001029261807485,0.5556113594500307,0.5513946258268929
attention.dense.weight,0.8,edited_top1_accuracy,edited_shannon_entropy,0.012039119319374125,-0.23526854220009313,-0.1705991920305475,0.9554751095028662,0.2684359653808655,0.24354744006410667
attention.dense.weight,0.8,edited_perplexity,lnum,0.37186888898274834,-0.24,-0.1956521739130435,0.07356256349823764,0.25864624054600843,0.1907535857010569
attention.dense.weight,0.8,edited_perplexity,norm,-0.15852544192097298,-0.17739130434782607,-0.11594202898550725,0.4593896102831204,0.40696255139715676,0.44607885611402504
attention.dense.weight,0.8,edited_perplexity,relative_error_x,-0.07966285702980848,0.03565217391304347,-0.014492753623188406,0.7113662670242704,0.8686390462246146,0.9413463081964002
attention.dense.weight,0.8,edited_perplexity,original_frobenius_norm,-0.15980379427899213,-0.11391304347826085,-0.06521739130434782,0.455730048078499,0.5961140506694134,0.6765261156179087
attention.dense.weight,0.8,edited_perplexity,original_spectral_norm,0.6773783310001569,0.25304347826086954,0.16666666666666669,0.0002768138185285275,0.23286356530495447,0.2675071977260416
attention.dense.weight,0.8,edited_perplexity,original_nuclear_norm,-0.17161488508870507,-0.15739130434782608,-0.10869565217391304,0.422650543975637,0.46264909166367674,0.4760860141131976
attention.dense.weight,0.8,edited_perplexity,original_condition_number,-0.09254538412954497,0.12782608695652173,0.07246376811594202,0.667122873641934,0.5516845044816034,0.6409517533780805
attention.dense.weight,0.8,edited_perplexity,original_shannon_entropy,-0.06495906136805424,-0.010434782608695651,-0.007246376811594203,0.7629850649670308,0.9614038727773804,0.9804334461613707
attention.dense.weight,0.8,edited_perplexity,diff_frobenius_norm,-0.1585709197973535,-0.17739130434782607,-0.11594202898550725,0.459259158012742,0.40696255139715676,0.44607885611402504
attention.dense.weight,0.8,edited_perplexity,diff_spectral_norm,-0.15760978497916373,-0.14956521739130432,-0.07971014492753624,0.4620202530619487,0.48546433225418195,0.6061655660716706
attention.dense.weight,0.8,edited_perplexity,diff_nuclear_norm,-0.15946992145416566,-0.15739130434782608,-0.11594202898550725,0.4566843571445346,0.46264909166367674,0.44607885611402504
attention.dense.weight,0.8,edited_perplexity,diff_condition_number,-0.1704033469678245,-0.1826086956521739,-0.12318840579710144,0.4259821610093598,0.3930749931122939,0.4171545702283505
attention.dense.weight,0.8,edited_perplexity,diff_shannon_entropy,-0.04111742414608553,0.07130434782608694,0.03623188405797101,0.8487133335545081,0.7405746871767942,0.8252716626005498
attention.dense.weight,0.8,edited_perplexity,energy_retained,0.08951944805654104,-0.03565217391304347,0.014492753623188406,0.6774252008619008,0.8686390462246146,0.9413463081964002
attention.dense.weight,0.8,edited_perplexity,lnum_over_spectral,0.3573271320150969,-0.24695652173913044,-0.20289855072463767,0.08649031831142923,0.244675845945762,0.17433102126494238
attention.dense.weight,0.8,edited_perplexity,edited_frobenius_norm,-0.14966994462652772,-0.14956521739130432,-0.12318840579710144,0.48515533525224586,0.48546433225418195,0.4171545702283505
attention.dense.weight,0.8,edited_perplexity,edited_spectral_norm,0.6773785883865545,0.25304347826086954,0.16666666666666669,0.0002768117671408413,0.23286356530495447,0.2675071977260416
attention.dense.weight,0.8,edited_perplexity,edited_nuclear_norm,-0.17727710917704323,-0.15217391304347824,-0.10869565217391304,0.40726952263689464,0.4777969871903096,0.4760860141131976
attention.dense.weight,0.8,edited_perplexity,edited_condition_number,-0.42314744670032933,-0.22608695652173913,-0.16666666666666669,0.03937385355116342,0.2880995376657835,0.2675071977260416
attention.dense.weight,0.8,edited_perplexity,edited_cut_off_sv,0.766417310162042,0.249184611239655,0.1633396519441412,1.2596456152856311e-05,0.2403075387279117,0.26419034422086607
attention.dense.weight,0.8,edited_perplexity,edited_shannon_entropy,-0.22384598069005934,-0.02,0.028985507246376812,0.29303243367294146,0.9260958020254711,0.8636755052590571
attention.dense.weight,0.8,final_change_from_reduction,lnum,-0.1029694489223828,-0.09001957159966595,-0.0471870105616408,0.632086493211766,0.6757185076048402,0.7470311555982709
attention.dense.weight,0.8,final_change_from_reduction,norm,0.11110951998273783,0.10524027211168678,0.06896563082085963,0.605246611305851,0.6245516406258467,0.6373346215537954
attention.dense.weight,0.8,final_change_from_reduction,relative_error_x,-0.2426413932764198,-0.3483366031465334,-0.2649732131538291,0.25328242745384855,0.09529400866488351,0.07009771995684784
attention.dense.weight,0.8,final_change_from_reduction,original_frobenius_norm,0.26463785681220126,0.1561208995375849,0.11978241142570356,0.21141964815673653,0.46631439395024943,0.41290211507306973
attention.dense.weight,0.8,final_change_from_reduction,original_spectral_norm,-0.2577752489996697,-0.28006088942118296,-0.235935052808204,0.22394544786440962,0.1850124892485898,0.10679178879725576
attention.dense.weight,0.8,final_change_from_reduction,original_nuclear_norm,0.1806044520922599,0.1369863046081873,0.105263331252891,0.398377950725697,0.5232863882834956,0.4718026759320014
attention.dense.weight,0.8,final_change_from_reduction,original_condition_number,-0.21397935487547398,-0.6597086479067307,-0.4682403355732048,0.31537355473535356,0.00045294992784179755,0.001370690787031305
attention.dense.weight,0.8,final_change_from_reduction,original_shannon_entropy,-0.3820306399578071,-0.41139379098204826,-0.33030907393148556,0.06544016345367942,0.04579713625910021,0.023952183036890295
attention.dense.weight,0.8,final_change_from_reduction,diff_frobenius_norm,0.1111277342795213,0.10524027211168678,0.06896563082085963,0.6051870899688951,0.6245516406258467,0.6373346215537954
attention.dense.weight,0.8,final_change_from_reduction,diff_spectral_norm,0.22245226990062295,0.12785388430097483,0.09074425108007846,0.2961267252438088,0.5515972760956737,0.5350596845969551
attention.dense.weight,0.8,final_change_from_reduction,diff_nuclear_norm,0.06246240822708868,0.06131767920556956,0.05444655064804708,0.7718547848796471,0.7759309627196649,0.7097584217371342
attention.dense.weight,0.8,final_change_from_reduction,diff_condition_number,-0.1519344344316914,0.013481191882075578,0.01814885021601569,0.47849827249333865,0.9501479326690636,0.9012676219757819
attention.dense.weight,0.8,final_change_from_reduction,diff_shannon_entropy,-0.6069891347032739,-0.5627310417872838,-0.40290447479554836,0.0016600957123871019,0.004200997930261093,0.00588472880284879
attention.dense.weight,0.8,final_change_from_reduction,energy_retained,0.26405681773081424,0.3483366031465334,0.2649732131538291,0.2124615226804591,0.09529400866488351,0.07009771995684784
attention.dense.weight,0.8,final_change_from_reduction,lnum_over_spectral,-0.13478291670842796,-0.09045444875715226,-0.03992747047523452,0.5300529377652201,0.6742357289288159,0.7849051739730706
attention.dense.weight,0.8,final_change_from_reduction,edited_frobenius_norm,0.36566145916456627,0.27875625794872405,0.2068968924625789,0.0788880380727687,0.18715384885676595,0.15727791238811745
attention.dense.weight,0.8,final_change_from_reduction,edited_spectral_norm,-0.25777536402177337,-0.28006088942118296,-0.235935052808204,0.22394523387914406,0.1850124892485898,0.10679178879725576
attention.dense.weight,0.8,final_change_from_reduction,edited_nuclear_norm,0.3551901176630301,0.2739726092163746,0.2068968924625789,0.08852533416121505,0.19515085765963874,0.15727791238811745
attention.dense.weight,0.8,final_change_from_reduction,edited_condition_number,0.21471036184386058,0.18830180919157177,0.14882057177132868,0.3136835832529232,0.3782305282417444,0.3090138180164609
attention.dense.weight,0.8,final_change_from_reduction,edited_cut_off_sv,-0.10377387340617593,-0.29969551979121356,-0.23999999999999996,0.6294132043614571,0.154802173161475,0.10140147434411852
attention.dense.weight,0.8,final_change_from_reduction,edited_shannon_entropy,0.12160922921380661,0.02957164670906901,0.025408390302421965,0.5713495746906297,0.8908990221852948,0.8621136085061991
attention.dense.weight,0.8,final_change_from_reduction_ratio,lnum,-0.37013805425986956,-0.3817391304347826,-0.24637681159420288,0.0750191756077438,0.06566315225644624,0.09679484130838545
attention.dense.weight,0.8,final_change_from_reduction_ratio,norm,0.0841124145402142,0.05565217391304347,0.05072463768115942,0.6959737955996471,0.7961874995255513,0.749761450490796
attention.dense.weight,0.8,final_change_from_reduction_ratio,relative_error_x,-0.30888660344094504,-0.42260869565217385,-0.34057971014492755,0.1419305341510541,0.0396517986761955,0.019867880493143635
attention.dense.weight,0.8,final_change_from_reduction_ratio,original_frobenius_norm,0.2565400440200821,0.13304347826086957,0.11594202898550725,0.22625124509950703,0.5354237325436195,0.44607885611402504
attention.dense.weight,0.8,final_change_from_reduction_ratio,original_spectral_norm,-0.3559035816307148,-0.38434782608695645,-0.2753623188405797,0.08784197480293349,0.06368822401812063,0.062321077340041824
attention.dense.weight,0.8,final_change_from_reduction_ratio,original_nuclear_norm,0.1648457835199298,0.10521739130434782,0.10144927536231883,0.4414461533905524,0.6246273816458914,0.5071416902683175
attention.dense.weight,0.8,final_change_from_reduction_ratio,original_condition_number,-0.1003212806635874,-0.6478260869565217,-0.4710144927536232,0.6409184649397597,0.0006199285470361291,0.000966178357791211
attention.dense.weight,0.8,final_change_from_reduction_ratio,original_shannon_entropy,-0.44699707809283407,-0.5078260869565216,-0.36231884057971014,0.028530128873303216,0.011297601785925497,0.01290450360123228
attention.dense.weight,0.8,final_change_from_reduction_ratio,diff_frobenius_norm,0.0841792749506329,0.05565217391304347,0.05072463768115942,0.6957433718354271,0.7961874995255513,0.749761450490796
attention.dense.weight,0.8,final_change_from_reduction_ratio,diff_spectral_norm,0.20706553386511367,0.11043478260869564,0.10144927536231883,0.3316312662259687,0.6074532587517109,0.5071416902683175
attention.dense.weight,0.8,final_change_from_reduction_ratio,diff_nuclear_norm,0.03397429708102895,0.015652173913043476,0.03623188405797101,0.874772574033223,0.9421320594035385,0.8252716626005498
attention.dense.weight,0.8,final_change_from_reduction_ratio,diff_condition_number,-0.15197337789398896,-0.011304347826086955,0.0,0.4783841954935224,0.958190162801108,1.0
attention.dense.weight,0.8,final_change_from_reduction_ratio,diff_shannon_entropy,-0.6345146570345421,-0.6243478260869564,-0.4492753623188406,0.0008677393337814722,0.0011104681099860189,0.0017278578267285898
attention.dense.weight,0.8,final_change_from_reduction_ratio,energy_retained,0.3266860848692447,0.42260869565217385,0.34057971014492755,0.11921046389686196,0.0396517986761955,0.019867880493143635
attention.dense.weight,0.8,final_change_from_reduction_ratio,lnum_over_spectral,-0.40580169175683845,-0.38,-0.2391304347826087,0.04912777774724238,0.06700561062998242,0.10739735584843446
attention.dense.weight,0.8,final_change_from_reduction_ratio,edited_frobenius_norm,0.3700739874560175,0.2695652173913043,0.20289855072463767,0.075073509061724,0.20272227336292592,0.17433102126494238
attention.dense.weight,0.8,final_change_from_reduction_ratio,edited_spectral_norm,-0.3559036815073494,-0.38434782608695645,-0.2753623188405797,0.08784187941826457,0.06368822401812063,0.062321077340041824
attention.dense.weight,0.8,final_change_from_reduction_ratio,edited_nuclear_norm,0.3610695460550735,0.2652173913043478,0.21739130434782608,0.08301140102231003,0.2103838978731484,0.1446229127420921
attention.dense.weight,0.8,final_change_from_reduction_ratio,edited_condition_number,0.31774791715837647,0.35478260869565215,0.2608695652173913,0.13026232770833737,0.08891743107314608,0.0780550500276803
attention.dense.weight,0.8,final_change_from_reduction_ratio,edited_cut_off_sv,-0.16565256067070588,-0.4522722437857613,-0.33756861401789184,0.4391829269011601,0.02649029225269075,0.021025879258393967
attention.dense.weight,0.8,final_change_from_reduction_ratio,edited_shannon_entropy,0.1270124338787817,0.05217391304347826,0.03623188405797101,0.5542405451396339,0.8086881976469136,0.8252716626005498
attention.query_key_value.weight,0.8,final_top1_accuracy,lnum,-0.8435248376251974,-0.837391304347826,-0.6884057971014493,2.2576820098295338e-07,3.343844486033038e-07,2.619805784361419e-07
attention.query_key_value.weight,0.8,final_top1_accuracy,norm,-0.4802600120370364,-0.11391304347826085,-0.014492753623188406,0.01753647848015712,0.5961140506694134,0.9413463081964002
attention.query_key_value.weight,0.8,final_top1_accuracy,relative_error_x,0.761039077646745,0.7573913043478261,0.608695652173913,1.574348396010834e-05,1.825533170907123e-05,9.73421202242679e-06
attention.query_key_value.weight,0.8,final_top1_accuracy,original_frobenius_norm,-0.826374725079395,-0.3878260869565217,-0.2608695652173913,6.513115415269149e-07,0.06112631008008123,0.0780550500276803
attention.query_key_value.weight,0.8,final_top1_accuracy,original_spectral_norm,-0.7987192488547156,-0.5973913043478261,-0.4275362318840579,2.8844074121957363e-06,0.0020534369448034903,0.002989415703746229
attention.query_key_value.weight,0.8,final_top1_accuracy,original_nuclear_norm,-0.7615596871150624,-0.2773913043478261,-0.13768115942028986,1.541112850900072e-05,0.1894123670698225,0.3626613999876752
attention.query_key_value.weight,0.8,final_top1_accuracy,original_condition_number,-0.8132058816476984,-0.5043478260869565,-0.34782608695652173,1.3634948173630352e-06,0.011965355177749598,0.01725667966721163
attention.query_key_value.weight,0.8,final_top1_accuracy,original_shannon_entropy,0.8529229199493786,0.748695652173913,0.5942028985507246,1.1960746042206026e-07,2.5721150220759527e-05,1.722388428608951e-05
attention.query_key_value.weight,0.8,final_top1_accuracy,diff_frobenius_norm,-0.4805538580180427,-0.11391304347826085,-0.014492753623188406,0.017457631977486832,0.5961140506694134,0.9413463081964002
attention.query_key_value.weight,0.8,final_top1_accuracy,diff_spectral_norm,-0.6917993290984978,-0.20956521739130432,-0.07246376811594202,0.0001806467262627167,0.3256961715714217,0.6409517533780805
attention.query_key_value.weight,0.8,final_top1_accuracy,diff_nuclear_norm,-0.3884282796278498,-0.07826086956521738,0.014492753623188406,0.060690940659535314,0.7162392905010877,0.9413463081964002
attention.query_key_value.weight,0.8,final_top1_accuracy,diff_condition_number,0.8199324907040532,0.7913043478260868,0.5942028985507246,9.418224663156081e-07,4.1372625516129736e-06,1.722388428608951e-05
attention.query_key_value.weight,0.8,final_top1_accuracy,diff_shannon_entropy,0.8298703056129687,0.6591304347826087,0.48550724637681164,5.298276426348932e-07,0.00046006317483389284,0.0006432240729288161
attention.query_key_value.weight,0.8,final_top1_accuracy,energy_retained,-0.7265928131358153,-0.7573913043478261,-0.608695652173913,5.801147943812597e-05,1.825533170907123e-05,9.73421202242679e-06
attention.query_key_value.weight,0.8,final_top1_accuracy,lnum_over_spectral,-0.6963669045809397,-0.6982608695652174,-0.5507246376811594,0.0001570139671158851,0.00014803602074787444,8.3512346907893e-05
attention.query_key_value.weight,0.8,final_top1_accuracy,edited_frobenius_norm,-0.830090593142375,-0.43043478260869555,-0.3115942028985507,5.228987604454193e-07,0.03576316089882472,0.03393065843664443
attention.query_key_value.weight,0.8,final_top1_accuracy,edited_spectral_norm,-0.7987193116805634,-0.5973913043478261,-0.4275362318840579,2.8843984169723134e-06,0.0020534369448034903,0.002989415703746229
attention.query_key_value.weight,0.8,final_top1_accuracy,edited_nuclear_norm,-0.8452220755997726,-0.40086956521739125,-0.2971014492753623,2.0192059638966715e-07,0.05221946082129628,0.04361625580154652
attention.query_key_value.weight,0.8,final_top1_accuracy,edited_condition_number,0.31605166597739803,0.33739130434782605,0.24637681159420288,0.1324404423373719,0.10689212043935847,0.09679484130838545
attention.query_key_value.weight,0.8,final_top1_accuracy,edited_cut_off_sv,-0.8538964754868097,-0.6321739130434781,-0.5,1.1171149872022118e-07,0.0009191401974675445,0.0004213438298160803
attention.query_key_value.weight,0.8,final_top1_accuracy,edited_shannon_entropy,0.7649580069779783,0.7573913043478261,0.5869565217391304,1.3389869621864462e-05,1.825533170907123e-05,2.271276851286088e-05
attention.query_key_value.weight,0.8,final_perplexity,lnum,0.7196701585680061,0.8417391304347825,0.6811594202898551,7.368227252252682e-05,2.5354935854452587e-07,3.7790736665228414e-07
attention.query_key_value.weight,0.8,final_perplexity,norm,0.6608562773676467,0.09826086956521737,-0.007246376811594203,0.0004391133079271938,0.6478231237133647,0.9804334461613707
attention.query_key_value.weight,0.8,final_perplexity,relative_error_x,-0.6917645252012542,-0.7808695652173911,-0.6304347826086957,0.00018083809484611767,6.713540470741476e-06,3.9499010264262916e-06
attention.query_key_value.weight,0.8,final_perplexity,original_frobenius_norm,0.8314613552621706,0.3852173913043478,0.2536231884057971,4.815713574871629e-07,0.06304015267072925,0.08702802518525976
attention.query_key_value.weight,0.8,final_perplexity,original_spectral_norm,0.7734250174174571,0.5904347826086956,0.42028985507246375,9.336597639615563e-06,0.002385855329015202,0.0035635597431467976
attention.query_key_value.weight,0.8,final_perplexity,original_nuclear_norm,0.8570550064738476,0.2695652173913043,0.13043478260869565,8.920484058885655e-08,0.20272227336292592,0.38934138095270887
attention.query_key_value.weight,0.8,final_perplexity,original_condition_number,0.8040341126574588,0.5130434782608695,0.35507246376811596,2.2068412526535748e-06,0.010353828161824785,0.014944914620183143
attention.query_key_value.weight,0.8,final_perplexity,original_shannon_entropy,-0.8244140603753378,-0.7756521739130434,-0.6159420289855072,7.298231385573456e-07,8.470310547138325e-06,7.252169963045509e-06
attention.query_key_value.weight,0.8,final_perplexity,diff_frobenius_norm,0.6610633062640073,0.09826086956521737,-0.007246376811594203,0.00043665660575569723,0.6478231237133647,0.9804334461613707
attention.query_key_value.weight,0.8,final_perplexity,diff_spectral_norm,0.846301660344075,0.19913043478260867,0.05072463768115942,1.8795001556187127e-07,0.3508987130768876,0.749761450490796
attention.query_key_value.weight,0.8,final_perplexity,diff_nuclear_norm,0.5695571369509462,0.0626086956521739,-0.03623188405797101,0.003670909305091948,0.7713343005112614,0.8252716626005498
attention.query_key_value.weight,0.8,final_perplexity,diff_condition_number,-0.7180533054547855,-0.8113043478260868,-0.6159420289855072,7.783691162455902e-05,1.5098226216258118e-06,7.252169963045509e-06
attention.query_key_value.weight,0.8,final_perplexity,diff_shannon_entropy,-0.9050236924935691,-0.6991304347826087,-0.5072463768115942,1.2528258950118534e-09,0.0001440664963563472,0.00033888021869843806
attention.query_key_value.weight,0.8,final_perplexity,energy_retained,0.6465571822721076,0.7808695652173911,0.6304347826086957,0.0006405580592889036,6.713540470741476e-06,3.9499010264262916e-06
attention.query_key_value.weight,0.8,final_perplexity,lnum_over_spectral,0.5007463351832163,0.706086956521739,0.5434782608695652,0.012690680600690214,0.00011551602066620316,0.00010671020118123412
attention.query_key_value.weight,0.8,final_perplexity,edited_frobenius_norm,0.8268988530296952,0.43652173913043474,0.33333333333333337,6.316436159172983e-07,0.0329528957755271,0.022808390757329572
attention.query_key_value.weight,0.8,final_perplexity,edited_spectral_norm,0.7734251558449929,0.5904347826086956,0.42028985507246375,9.336541445980948e-06,0.002385855329015202,0.0035635597431467976
attention.query_key_value.weight,0.8,final_perplexity,edited_nuclear_norm,0.9031607377676579,0.4121739130434783,0.31884057971014496,1.5375247049496758e-09,0.04534690802018232,0.029805605290680832
attention.query_key_value.weight,0.8,final_perplexity,edited_condition_number,-0.24497647250372315,-0.3504347826086956,-0.2681159420289855,0.24860106805294818,0.0931821716598172,0.06983356984945084
attention.query_key_value.weight,0.8,final_perplexity,edited_cut_off_sv,0.836703911973307,0.6495652173913044,0.5072463768115942,3.4908242844241576e-07,0.000592587629355936,0.00033888021869843806
attention.query_key_value.weight,0.8,final_perplexity,edited_shannon_entropy,-0.6916397987574472,-0.76,-0.5797101449275361,0.0001815253539083831,1.6425818326395293e-05,2.9783823595775196e-05
attention.query_key_value.weight,0.8,edited_top1_accuracy,lnum,0.033404065071190286,0.09130434782608696,0.05072463768115942,0.8768586856327836,0.671341269564641,0.749761450490796
attention.query_key_value.weight,0.8,edited_top1_accuracy,norm,-0.11171139060473323,-0.16086956521739126,-0.11594202898550725,0.6032810900509753,0.452690747765674,0.44607885611402504
attention.query_key_value.weight,0.8,edited_top1_accuracy,relative_error_x,0.03713673887460185,-0.04347826086956521,-0.028985507246376812,0.8632182875876504,0.8401329841149333,0.8636755052590571
attention.query_key_value.weight,0.8,edited_top1_accuracy,original_frobenius_norm,0.02510924983344435,-0.16173913043478258,-0.10144927536231883,0.9072872293310816,0.4502188848463706,0.5071416902683175
attention.query_key_value.weight,0.8,edited_top1_accuracy,original_spectral_norm,-0.013998743965315641,-0.22347826086956518,-0.13768115942028986,0.9482365311391739,0.2938468714348546,0.3626613999876752
attention.query_key_value.weight,0.8,edited_top1_accuracy,original_nuclear_norm,-0.013836078142465378,-0.20434782608695648,-0.15217391304347824,0.9488372523299335,0.33815724851317563,0.31275941965675913
attention.query_key_value.weight,0.8,edited_top1_accuracy,original_condition_number,0.0024768422585160974,-0.21652173913043476,-0.14492753623188404,0.9908355290177369,0.30951989756230047,0.33713069668005113
attention.query_key_value.weight,0.8,edited_top1_accuracy,original_shannon_entropy,-0.027481928659531345,-0.019130434782608695,-0.014492753623188406,0.8985685466623724,0.9293010160374854,0.9413463081964002
attention.query_key_value.weight,0.8,edited_top1_accuracy,diff_frobenius_norm,-0.11161404186128476,-0.16086956521739126,-0.11594202898550725,0.6035988195819934,0.452690747765674,0.44607885611402504
attention.query_key_value.weight,0.8,edited_top1_accuracy,diff_spectral_norm,-0.032831323137156906,-0.19304347826086957,-0.13043478260869565,0.8789547804372448,0.36611583497113964,0.38934138095270887
attention.query_key_value.weight,0.8,edited_top1_accuracy,diff_nuclear_norm,-0.1346397320334586,-0.17565217391304347,-0.11594202898550725,0.5304940799162405,0.41165144697505396,0.44607885611402504
attention.query_key_value.weight,0.8,edited_top1_accuracy,diff_condition_number,-0.010185975471617214,-0.10956521739130433,-0.07246376811594202,0.9623235153075997,0.6103019785284629,0.6409517533780805
attention.query_key_value.weight,0.8,edited_top1_accuracy,diff_shannon_entropy,-0.09787993832504535,-0.1434782608695652,-0.09420289855072464,0.6491027781998282,0.5035926462175362,0.5392054402251256
attention.query_key_value.weight,0.8,edited_top1_accuracy,energy_retained,-0.054706715204814155,0.04347826086956521,0.028985507246376812,0.7995807564770261,0.8401329841149333,0.8636755052590571
attention.query_key_value.weight,0.8,edited_top1_accuracy,lnum_over_spectral,0.024742740950208984,0.005217391304347826,0.0,0.9086349604515684,0.9806966832535792,1.0
attention.query_key_value.weight,0.8,edited_top1_accuracy,edited_frobenius_norm,0.02414910578428482,-0.15652173913043477,-0.10869565217391304,0.9108184006056058,0.4651562978756907,0.4760860141131976
attention.query_key_value.weight,0.8,edited_top1_accuracy,edited_spectral_norm,-0.013998948130017598,-0.22347826086956518,-0.13768115942028986,0.9482357771806919,0.2938468714348546,0.3626613999876752
attention.query_key_value.weight,0.8,edited_top1_accuracy,edited_nuclear_norm,0.03093431096121633,-0.1443478260869565,-0.10869565217391304,0.8859029412507184,0.5009827163280625,0.4760860141131976
attention.query_key_value.weight,0.8,edited_top1_accuracy,edited_condition_number,0.20018714989651354,-0.06956521739130435,-0.014492753623188406,0.3482955286288054,0.7466974841785088,0.9413463081964002
attention.query_key_value.weight,0.8,edited_top1_accuracy,edited_cut_off_sv,0.0495839763666677,-0.03652173913043478,-0.021739130434782608,0.8180260659290667,0.8654631927363388,0.9023967654678942
attention.query_key_value.weight,0.8,edited_top1_accuracy,edited_shannon_entropy,0.02781491759834702,-0.03826086956521739,-0.021739130434782608,0.8973458280293516,0.8591175903218993,0.9023967654678942
attention.query_key_value.weight,0.8,edited_perplexity,lnum,0.5702140141170413,0.25999999999999995,0.12318840579710144,0.0036230216099961436,0.21983196016993542,0.4171545702283505
attention.query_key_value.weight,0.8,edited_perplexity,norm,0.7298579033692759,0.7921739130434783,0.5797101449275361,5.169660262014987e-05,3.968853242842323e-06,2.9783823595775196e-05
attention.query_key_value.weight,0.8,edited_perplexity,relative_error_x,-0.5923048575822868,-0.3504347826086956,-0.2318840579710145,0.0022922911935120086,0.0931821716598172,0.11887659001932085
attention.query_key_value.weight,0.8,edited_perplexity,original_frobenius_norm,0.7647408030735446,0.7243478260869565,0.5652173913043478,1.351166306578474e-05,6.273725296044197e-05,5.039225984314531e-05
attention.query_key_value.weight,0.8,edited_perplexity,original_spectral_norm,0.6937425163746224,0.5782608695652174,0.41304347826086957,0.0001702384531790078,0.003077897042102437,0.004233454362761548
attention.query_key_value.weight,0.8,edited_perplexity,original_nuclear_norm,0.8438942964426234,0.786086956521739,0.6014492753623188,2.203725921670189e-07,5.287707498429002e-06,1.2986666549894791e-05
attention.query_key_value.weight,0.8,edited_perplexity,original_condition_number,0.7302151935597953,0.6321739130434781,0.463768115942029,5.1043707444969744e-05,0.0009191401974675445,0.0011772109119610658
attention.query_key_value.weight,0.8,edited_perplexity,original_shannon_entropy,-0.7338102126259949,-0.37739130434782603,-0.24637681159420288,4.486679800090706e-05,0.06905854527666128,0.09679484130838545
attention.query_key_value.weight,0.8,edited_perplexity,diff_frobenius_norm,0.7299978842788106,0.7921739130434783,0.5797101449275361,5.1439938969380743e-05,3.968853242842323e-06,2.9783823595775196e-05
attention.query_key_value.weight,0.8,edited_perplexity,diff_spectral_norm,0.8725831574986834,0.7930434782608695,0.5942028985507246,2.715343826614466e-08,3.806559355289638e-06,1.722388428608951e-05
attention.query_key_value.weight,0.8,edited_perplexity,diff_nuclear_norm,0.6510327909691004,0.8026086956521737,0.5942028985507246,0.0005703325397638783,2.3730018550983816e-06,1.722388428608951e-05
attention.query_key_value.weight,0.8,edited_perplexity,diff_condition_number,-0.5914625342374269,-0.25304347826086954,-0.14492753623188404,0.0023340408597800413,0.23286356530495447,0.33713069668005113
attention.query_key_value.weight,0.8,edited_perplexity,diff_shannon_entropy,-0.8518704714832832,-0.16260869565217392,-0.09420289855072464,1.287021568280009e-07,0.44775415138241514,0.5392054402251256
attention.query_key_value.weight,0.8,edited_perplexity,energy_retained,0.5444308392131862,0.3504347826086956,0.2318840579710145,0.005949449169067026,0.0931821716598172,0.11887659001932085
attention.query_key_value.weight,0.8,edited_perplexity,lnum_over_spectral,0.3252762666698823,0.16869565217391302,0.028985507246376812,0.12090665901082438,0.43070226172098125,0.8636755052590571
attention.query_key_value.weight,0.8,edited_perplexity,edited_frobenius_norm,0.7552100237372568,0.6939130434782607,0.5144927536231884,1.992086889506591e-05,0.00016935055735524374,0.0002713850105207182
attention.query_key_value.weight,0.8,edited_perplexity,edited_spectral_norm,0.6937427101284802,0.5782608695652174,0.41304347826086957,0.00017023744204630465,0.003077897042102437,0.004233454362761548
attention.query_key_value.weight,0.8,edited_perplexity,edited_nuclear_norm,0.8565566905174873,0.7191304347826086,0.572463768115942,9.246063478111689e-08,7.504696733116017e-05,3.8844098370523644e-05
attention.query_key_value.weight,0.8,edited_perplexity,edited_condition_number,-0.18010636394078675,-0.05565217391304347,-0.057971014492753624,0.3997020112144658,0.7961874995255513,0.7128203407600773
attention.query_key_value.weight,0.8,edited_perplexity,edited_cut_off_sv,0.7540359347689297,0.4434782608695652,0.2826086956521739,2.0871741612419418e-05,0.029959339686467554,0.05547520839621689
attention.query_key_value.weight,0.8,edited_perplexity,edited_shannon_entropy,-0.5929254737990434,-0.32695652173913037,-0.21014492753623187,0.0022619383085775826,0.11888708485840495,0.15896450194870432
attention.query_key_value.weight,0.8,final_change_from_reduction,lnum,-0.27830201439293684,-0.18521739130434778,-0.13043478260869565,0.1879033995582445,0.38623268190217497,0.38934138095270887
attention.query_key_value.weight,0.8,final_change_from_reduction,norm,0.2024752160993061,0.34956521739130436,0.2391304347826087,0.34269819967847376,0.0940531188359595,0.10739735584843446
attention.query_key_value.weight,0.8,final_change_from_reduction,relative_error_x,0.022389955572398042,0.046956521739130425,0.03623188405797101,0.9172923236417113,0.8275237958648594,0.8252716626005498
attention.query_key_value.weight,0.8,final_change_from_reduction,original_frobenius_norm,-0.016163155004344624,0.2965217391304348,0.21014492753623187,0.9402461382567586,0.15943245327776354,0.15896450194870432
attention.query_key_value.weight,0.8,final_change_from_reduction,original_spectral_norm,-0.010624188064392307,0.10782608695652172,0.08695652173913043,0.9607038230758549,0.6160158821815656,0.5722308252961283
attention.query_key_value.weight,0.8,final_change_from_reduction,original_nuclear_norm,0.011871479507434217,0.31304347826086953,0.28985507246376807,0.9560945139362249,0.13636745841746561,0.04925402223617705
attention.query_key_value.weight,0.8,final_change_from_reduction,original_condition_number,-0.020795238585816146,0.19826086956521738,0.16666666666666669,0.9231655306981057,0.35304943524240395,0.2675071977260416
attention.query_key_value.weight,0.8,final_change_from_reduction,original_shannon_entropy,0.0738252987403098,0.05304347826086955,0.03623188405797101,0.7317265597916045,0.8055586374612034,0.8252716626005498
attention.query_key_value.weight,0.8,final_change_from_reduction,diff_frobenius_norm,0.20242880951151548,0.34956521739130436,0.2391304347826087,0.3428111905448794,0.0940531188359595,0.10739735584843446
attention.query_key_value.weight,0.8,final_change_from_reduction,diff_spectral_norm,0.05080331755357528,0.3391304347826086,0.2826086956521739,0.8136267289396972,0.10498302480093243,0.05547520839621689
attention.query_key_value.weight,0.8,final_change_from_reduction,diff_nuclear_norm,0.26237506907542074,0.3460869565217391,0.2536231884057971,0.21549651484751664,0.09759766185158254,0.08702802518525976
attention.query_key_value.weight,0.8,final_change_from_reduction,diff_condition_number,0.10249062980944709,0.11913043478260868,0.07971014492753624,0.6336798486969599,0.5792759020081248,0.6061655660716706
attention.query_key_value.weight,0.8,final_change_from_reduction,diff_shannon_entropy,0.30352851923570945,0.18956521739130433,0.14492753623188404,0.149337748489313,0.3749803911439147,0.33713069668005113
attention.query_key_value.weight,0.8,final_change_from_reduction,energy_retained,-0.02558532629253201,-0.046956521739130425,-0.03623188405797101,0.9055369660375538,0.8275237958648594,0.8252716626005498
attention.query_key_value.weight,0.8,final_change_from_reduction,lnum_over_spectral,-0.3101701688216213,-0.13565217391304346,-0.12318840579710144,0.14019575583913152,0.5273785419058558,0.4171545702283505
attention.query_key_value.weight,0.8,final_change_from_reduction,edited_frobenius_norm,-0.02276124366228961,0.2791304347826086,0.20289855072463767,0.9159254923215199,0.1865379607570456,0.17433102126494238
attention.query_key_value.weight,0.8,final_change_from_reduction,edited_spectral_norm,-0.010624195328035192,0.10782608695652172,0.08695652173913043,0.9607037962296938,0.6160158821815656,0.5722308252961283
attention.query_key_value.weight,0.8,final_change_from_reduction,edited_nuclear_norm,-0.07982338733368369,0.2713043478260869,0.21739130434782608,0.7108089912871466,0.19971124015805522,0.1446229127420921
attention.query_key_value.weight,0.8,final_change_from_reduction,edited_condition_number,0.09539268144575938,0.19913043478260867,0.15217391304347824,0.6574817208043959,0.3508987130768876,0.31275941965675913
attention.query_key_value.weight,0.8,final_change_from_reduction,edited_cut_off_sv,-0.1259044316729683,-0.005217391304347826,0.0,0.5577299045060202,0.9806966832535792,1.0
attention.query_key_value.weight,0.8,final_change_from_reduction,edited_shannon_entropy,-0.013176524090143513,0.04869565217391304,0.057971014492753624,0.9512732443183193,0.8212344730022532,0.7128203407600773
attention.query_key_value.weight,0.8,final_change_from_reduction_ratio,lnum,-0.4192262551865943,-0.2773913043478261,-0.20289855072463767,0.04143235497955189,0.1894123670698225,0.17433102126494238
attention.query_key_value.weight,0.8,final_change_from_reduction_ratio,norm,-0.01764792831332851,0.2582608695652174,0.1956521739130435,0.9347679631390371,0.22304321813179345,0.1907535857010569
attention.query_key_value.weight,0.8,final_change_from_reduction_ratio,relative_error_x,0.21078816945049444,0.13652173913043478,0.10869565217391304,0.32281602515115915,0.5247096194478427,0.4760860141131976
attention.query_key_value.weight,0.8,final_change_from_reduction_ratio,original_frobenius_norm,-0.2352634399300253,0.20434782608695648,0.13768115942028986,0.2684466483080007,0.33815724851317563,0.3626613999876752
attention.query_key_value.weight,0.8,final_change_from_reduction_ratio,original_spectral_norm,-0.21765725791612353,0.02,0.014492753623188406,0.3069271601237437,0.9260958020254711,0.9413463081964002
attention.query_key_value.weight,0.8,final_change_from_reduction_ratio,original_nuclear_norm,-0.22430299179219024,0.21739130434782608,0.21739130434782608,0.292022196226031,0.3075332105489073,0.1446229127420921
attention.query_key_value.weight,0.8,final_change_from_reduction_ratio,original_condition_number,-0.2334471995123227,0.11304347826086956,0.09420289855072464,0.27226667107474334,0.5989404349055967,0.5392054402251256
attention.query_key_value.weight,0.8,final_change_from_reduction_ratio,original_shannon_entropy,0.28573333145690893,0.1391304347826087,0.10869565217391304,0.17589808774317767,0.5167416555162507,0.4760860141131976
attention.query_key_value.weight,0.8,final_change_from_reduction_ratio,diff_frobenius_norm,-0.017720554041553455,0.2582608695652174,0.1956521739130435,0.9345000771258518,0.22304321813179345,0.1907535857010569
attention.query_key_value.weight,0.8,final_change_from_reduction_ratio,diff_spectral_norm,-0.18669138652787512,0.23826086956521736,0.21014492753623187,0.3823966608902195,0.2622175095216363,0.15896450194870432
attention.query_key_value.weight,0.8,final_change_from_reduction_ratio,diff_nuclear_norm,0.05494601071984953,0.2617391304347826,0.21014492753623187,0.7987215882193648,0.21665169795328626,0.15896450194870432
attention.query_key_value.weight,0.8,final_change_from_reduction_ratio,diff_condition_number,0.2842322560012546,0.21652173913043476,0.15217391304347824,0.17827908575805418,0.30951989756230047,0.31275941965675913
attention.query_key_value.weight,0.8,final_change_from_reduction_ratio,diff_shannon_entropy,0.49018055181385484,0.2791304347826086,0.21739130434782608,0.01502986249347599,0.1865379607570456,0.1446229127420921
attention.query_key_value.weight,0.8,final_change_from_reduction_ratio,energy_retained,-0.2019064633291781,-0.13652173913043478,-0.10869565217391304,0.344084526924309,0.5247096194478427,0.4760860141131976
attention.query_key_value.weight,0.8,final_change_from_reduction_ratio,lnum_over_spectral,-0.3858448993390625,-0.20608695652173914,-0.16666666666666669,0.06257563818891224,0.3339723271430127,0.2675071977260416
attention.query_key_value.weight,0.8,final_change_from_reduction_ratio,edited_frobenius_norm,-0.23966752062620753,0.19130434782608693,0.13043478260869565,0.2593265445119126,0.37053280666994315,0.38934138095270887
attention.query_key_value.weight,0.8,final_change_from_reduction_ratio,edited_spectral_norm,-0.21765727991007422,0.02,0.014492753623188406,0.3069271100347445,0.9260958020254711,0.9413463081964002
attention.query_key_value.weight,0.8,final_change_from_reduction_ratio,edited_nuclear_norm,-0.3103879127378869,0.1843478260869565,0.14492753623188404,0.13990297937875473,0.3885058997417008,0.33713069668005113
attention.query_key_value.weight,0.8,final_change_from_reduction_ratio,edited_condition_number,0.14326451818099273,0.23304347826086955,0.18115942028985507,0.5042351980252102,0.27312047592983046,0.22687503195798614
attention.query_key_value.weight,0.8,final_change_from_reduction_ratio,edited_cut_off_sv,-0.32390126242107464,-0.09826086956521737,-0.07246376811594202,0.12257781237291526,0.6478231237133647,0.6409517533780805
attention.query_key_value.weight,0.8,final_change_from_reduction_ratio,edited_shannon_entropy,0.18076180116572366,0.13999999999999999,0.13043478260869565,0.3979601832019894,0.5140986909290425,0.38934138095270887
mlp.dense_4h_to_h.weight,0.8,final_top1_accuracy,lnum,-0.7714678617695636,-0.9078260869565216,-0.782608695652174,1.0161683103931413e-05,9.13316919406335e-10,8.895809693173601e-10
mlp.dense_4h_to_h.weight,0.8,final_top1_accuracy,norm,-0.8260940019083383,-0.6252173913043478,-0.48550724637681164,6.620688505256718e-07,0.0010876485622887484,0.0006432240729288161
mlp.dense_4h_to_h.weight,0.8,final_top1_accuracy,relative_error_x,-0.11027917203778978,-0.25913043478260867,-0.17391304347826086,0.6079626377691121,0.22143371075635884,0.24661869116843957
mlp.dense_4h_to_h.weight,0.8,final_top1_accuracy,original_frobenius_norm,0.04313671193388814,-0.05133783995096368,-0.08378995775602839,0.8413732586309912,0.8116999066679278,0.5679803187201549
mlp.dense_4h_to_h.weight,0.8,final_top1_accuracy,original_spectral_norm,-0.22373966716177038,-0.321949165794179,-0.22222554013555357,0.2932677553969409,0.12497907842055128,0.1299074597737811
mlp.dense_4h_to_h.weight,0.8,final_top1_accuracy,original_nuclear_norm,0.001032288684775562,-0.05742877011463733,-0.06193170790662968,0.9961804028829508,0.7898210146987882,0.6729779029740962
mlp.dense_4h_to_h.weight,0.8,final_top1_accuracy,original_condition_number,-0.21254845594437605,-0.43767683890397846,-0.3169446228162813,0.3186976258963512,0.032440004762516045,0.03077441926186492
mlp.dense_4h_to_h.weight,0.8,final_top1_accuracy,original_shannon_entropy,-0.3313354974995714,-0.27496199024583934,-0.21493945685242064,0.1137394622037382,0.19347807865032735,0.14297214633794506
mlp.dense_4h_to_h.weight,0.8,final_top1_accuracy,diff_frobenius_norm,-0.35121580847723244,-0.47391304347826085,-0.34057971014492755,0.09240504560359192,0.019311580010082523,0.019867880493143635
mlp.dense_4h_to_h.weight,0.8,final_top1_accuracy,diff_spectral_norm,-0.1645542233570682,-0.3391304347826086,-0.2681159420289855,0.4422655830224469,0.10498302480093243,0.06983356984945084
mlp.dense_4h_to_h.weight,0.8,final_top1_accuracy,diff_nuclear_norm,-0.5019429399169096,-0.5608695652173912,-0.38405797101449274,0.012445784963473667,0.004356259737992493,0.008157514966138577
mlp.dense_4h_to_h.weight,0.8,final_top1_accuracy,diff_condition_number,0.3913825870305119,-0.16347826086956518,-0.13043478260869565,0.058589553807815435,0.4452965670426071,0.38934138095270887
mlp.dense_4h_to_h.weight,0.8,final_top1_accuracy,diff_shannon_entropy,-0.9051253453971367,-0.4121739130434783,-0.3115942028985507,1.2387561205643844e-09,0.04534690802018232,0.03393065843664443
mlp.dense_4h_to_h.weight,0.8,final_top1_accuracy,energy_retained,0.8030714179728169,0.5026086956521739,0.36231884057971014,2.3178825018796147e-06,0.012311224300312232,0.01290450360123228
mlp.dense_4h_to_h.weight,0.8,final_top1_accuracy,lnum_over_spectral,-0.8097745077243206,-0.8947826086956522,-0.7391304347826086,1.6375296912003333e-06,3.6795072553130247e-09,1.5539029608017707e-08
mlp.dense_4h_to_h.weight,0.8,final_top1_accuracy,edited_frobenius_norm,-0.8217075680276202,-0.7269565217391305,-0.572463768115942,8.520534518775624e-07,5.7276052099930176e-05,3.8844098370523644e-05
mlp.dense_4h_to_h.weight,0.8,final_top1_accuracy,edited_spectral_norm,-0.8621719227921364,-0.5547826086956522,-0.42028985507246375,6.124606930050788e-08,0.004898108173454638,0.0035635597431467976
mlp.dense_4h_to_h.weight,0.8,final_top1_accuracy,edited_nuclear_norm,-0.8100234501824097,-0.7260869565217389,-0.5652173913043478,1.6161152412730182e-06,5.90481176374774e-05,5.039225984314531e-05
mlp.dense_4h_to_h.weight,0.8,final_top1_accuracy,edited_condition_number,-0.6185364064816226,-0.29913043478260865,-0.21739130434782608,0.0012737895394609254,0.155619554462795,0.1446229127420921
mlp.dense_4h_to_h.weight,0.8,final_top1_accuracy,edited_cut_off_sv,-0.7306572046552409,-0.7383077491252997,-0.5792436210090658,5.024603295685657e-05,3.8071159989121325e-05,7.895671317126607e-05
mlp.dense_4h_to_h.weight,0.8,final_top1_accuracy,edited_shannon_entropy,0.5312997695708215,0.24434782608695652,0.16666666666666669,0.007548793506867514,0.24985580217173983,0.2675071977260416
mlp.dense_4h_to_h.weight,0.8,final_perplexity,lnum,0.7942924844441257,0.9017391304347826,0.7681159420289855,3.5837596772876347e-06,1.79262615407903e-09,2.4326513594552694e-09
mlp.dense_4h_to_h.weight,0.8,final_perplexity,norm,0.8231516329341397,0.5765217391304347,0.4420289855072464,7.847397654214831e-07,0.0031894142635749373,0.002081735749030536
mlp.dense_4h_to_h.weight,0.8,final_perplexity,relative_error_x,0.09652069408680437,0.22434782608695653,0.15942028985507248,0.6536766932890541,0.2919232059452402,0.28955196649018894
mlp.dense_4h_to_h.weight,0.8,final_perplexity,original_frobenius_norm,-0.026889491605866844,0.046552109108077236,0.08378995775602839,0.9007444977299093,0.8289877877380701,0.5679803187201549
mlp.dense_4h_to_h.weight,0.8,final_perplexity,original_spectral_norm,0.23321326367180434,0.29802051157974674,0.22222554013555357,0.2727612001741462,0.1572338857846403,0.1299074597737811
mlp.dense_4h_to_h.weight,0.8,final_perplexity,original_nuclear_norm,0.0129902177322367,0.03959104606387876,0.06193170790662968,0.9519614244507764,0.8542698312516455,0.6729779029740962
mlp.dense_4h_to_h.weight,0.8,final_perplexity,original_condition_number,0.22846144898461854,0.41635858333112064,0.3023724562500155,0.28292991489802455,0.042990696216884866,0.039334715630908956
mlp.dense_4h_to_h.weight,0.8,final_perplexity,original_shannon_entropy,0.3152457532880947,0.23972160858458463,0.20036729028615485,0.13348443280021685,0.2592157938209204,0.1720950255368997
mlp.dense_4h_to_h.weight,0.8,final_perplexity,diff_frobenius_norm,0.3593912399596093,0.4313043478260869,0.3115942028985507,0.08455826408067915,0.035350455924713656,0.03393065843664443
mlp.dense_4h_to_h.weight,0.8,final_perplexity,diff_spectral_norm,0.182946936007592,0.328695652173913,0.2536231884057971,0.3921839955507729,0.11682275058870727,0.08702802518525976
mlp.dense_4h_to_h.weight,0.8,final_perplexity,diff_nuclear_norm,0.5068039116290971,0.5147826086956522,0.35507246376811596,0.011490567259833256,0.010054114049541199,0.014944914620183143
mlp.dense_4h_to_h.weight,0.8,final_perplexity,diff_condition_number,-0.3632847599890005,0.2008695652173913,0.15942028985507248,0.0810024296244306,0.3466205027349787,0.28955196649018894
mlp.dense_4h_to_h.weight,0.8,final_perplexity,diff_shannon_entropy,0.8916540855596372,0.37913043478260866,0.2971014492753623,5.003107407516956e-09,0.0676846648820043,0.04361625580154652
mlp.dense_4h_to_h.weight,0.8,final_perplexity,energy_retained,-0.7864271654032027,-0.46956521739130425,-0.34782608695652173,5.204851487435065e-06,0.020609713704158844,0.01725667966721163
mlp.dense_4h_to_h.weight,0.8,final_perplexity,lnum_over_spectral,0.8299823200353904,0.8834782608695652,0.7246376811594203,5.262941862453666e-07,1.0707392336693714e-08,3.6620407778855014e-08
mlp.dense_4h_to_h.weight,0.8,final_perplexity,edited_frobenius_norm,0.8254808671236828,0.7330434782608695,0.572463768115942,6.861172882507366e-07,4.6125988226586144e-05,3.8844098370523644e-05
mlp.dense_4h_to_h.weight,0.8,final_perplexity,edited_spectral_norm,0.8592052116538178,0.54,0.42028985507246375,7.63023328203232e-08,0.006453914474239906,0.0035635597431467976
mlp.dense_4h_to_h.weight,0.8,final_perplexity,edited_nuclear_norm,0.8139357464341259,0.7313043478260869,0.5652173913043478,1.310776191809364e-06,4.909793141027189e-05,5.039225984314531e-05
mlp.dense_4h_to_h.weight,0.8,final_perplexity,edited_condition_number,0.6104297945615758,0.26347826086956516,0.18840579710144928,0.001535731741878467,0.21350236658523813,0.20826013369971733
mlp.dense_4h_to_h.weight,0.8,final_perplexity,edited_cut_off_sv,0.7353343914972985,0.7356973504837253,0.5646714544428,4.2453132719176207e-05,4.1895485367050904e-05,0.0001189716106885577
mlp.dense_4h_to_h.weight,0.8,final_perplexity,edited_shannon_entropy,-0.5329152034805561,-0.25565217391304346,-0.15217391304347824,0.007334569327951239,0.22791835585505182,0.31275941965675913
mlp.dense_4h_to_h.weight,0.8,edited_top1_accuracy,lnum,0.525820902191271,0.3782608695652173,0.24637681159420288,0.008314541532611363,0.06836896832220618,0.09679484130838545
mlp.dense_4h_to_h.weight,0.8,edited_top1_accuracy,norm,0.3464920435225028,0.3139130434782608,0.1956521739130435,0.09717982616338737,0.13522381083434734,0.1907535857010569
mlp.dense_4h_to_h.weight,0.8,edited_top1_accuracy,relative_error_x,-0.5351466480708569,-0.09391304347826085,-0.08695652173913043,0.0070470071831762555,0.6624853858393347,0.5722308252961283
mlp.dense_4h_to_h.weight,0.8,edited_top1_accuracy,original_frobenius_norm,-0.0364509354408771,-0.06874049756145983,-0.047359541340363874,0.8657217093216383,0.7496062305386335,0.7468806109051351
mlp.dense_4h_to_h.weight,0.8,edited_top1_accuracy,original_spectral_norm,0.08298188946740384,-0.1844681706712593,-0.14207862402109162,0.6998739080212439,0.38819084401517934,0.33291167507162067
mlp.dense_4h_to_h.weight,0.8,edited_top1_accuracy,original_nuclear_norm,-0.07833857019596915,-0.12007833751242353,-0.08378995775602839,0.7159689353842524,0.5762391727282896,0.5679803187201549
mlp.dense_4h_to_h.weight,0.8,edited_top1_accuracy,original_condition_number,-0.03370790610994431,-0.23406574486117337,-0.17850904043675614,0.8757470271080205,0.2709618465353115,0.22377966588720843
mlp.dense_4h_to_h.weight,0.8,edited_top1_accuracy,original_shannon_entropy,-0.3225972849088546,-0.04524690978729001,-0.047359541340363874,0.12417808043907969,0.833716413694022,0.7468806109051351
mlp.dense_4h_to_h.weight,0.8,edited_top1_accuracy,diff_frobenius_norm,0.06131768787934139,0.10173913043478258,0.06521739130434782,0.7759309318119934,0.6361837822056855,0.6765261156179087
mlp.dense_4h_to_h.weight,0.8,edited_top1_accuracy,diff_spectral_norm,0.19461218284588472,0.06,0.021739130434782608,0.36215803512571726,0.7806300955564118,0.9023967654678942
mlp.dense_4h_to_h.weight,0.8,edited_top1_accuracy,diff_nuclear_norm,0.13445724398367234,0.19999999999999998,0.13768115942028986,0.5310565641813871,0.34875573272354543,0.3626613999876752
mlp.dense_4h_to_h.weight,0.8,edited_top1_accuracy,diff_condition_number,0.007769365081250951,-0.1660869565217391,-0.10144927536231883,0.9712580597019858,0.43796690160823903,0.5071416902683175
mlp.dense_4h_to_h.weight,0.8,edited_top1_accuracy,diff_shannon_entropy,0.4845873686992927,0.20869565217391303,0.10869565217391304,0.016404215312573082,0.3277534837670476,0.4760860141131976
mlp.dense_4h_to_h.weight,0.8,edited_top1_accuracy,energy_retained,-0.19982617861838806,-0.19913043478260867,-0.10144927536231883,0.34918348338601013,0.3508987130768876,0.5071416902683175
mlp.dense_4h_to_h.weight,0.8,edited_top1_accuracy,lnum_over_spectral,0.5561283201119143,0.3182608695652174,0.20289855072463767,0.004773683902232512,0.1296087767407352,0.17433102126494238
mlp.dense_4h_to_h.weight,0.8,edited_top1_accuracy,edited_frobenius_norm,0.6399485168452281,0.4860869565217391,0.34057971014492755,0.0007578575889811206,0.016026057350818954,0.019867880493143635
mlp.dense_4h_to_h.weight,0.8,edited_top1_accuracy,edited_spectral_norm,0.5421638388752187,0.14869565217391303,0.057971014492753624,0.006203264741793066,0.48803379955072457,0.7128203407600773
mlp.dense_4h_to_h.weight,0.8,edited_top1_accuracy,edited_nuclear_norm,0.6215287207647154,0.5121739130434783,0.36231884057971014,0.001187296674936863,0.010506432119033723,0.01290450360123228
mlp.dense_4h_to_h.weight,0.8,edited_top1_accuracy,edited_condition_number,0.29464740625918107,-0.15043478260869564,-0.14492753623188404,0.1622122429030836,0.48290169232371793,0.33713069668005113
mlp.dense_4h_to_h.weight,0.8,edited_top1_accuracy,edited_cut_off_sv,0.5181540067664255,0.3528388830528097,0.22222554013555357,0.009493528473531933,0.09080556260654389,0.1299074597737811
mlp.dense_4h_to_h.weight,0.8,edited_top1_accuracy,edited_shannon_entropy,-0.7090754062732457,-0.1973913043478261,-0.13768115942028986,0.0001048588721926263,0.3552078904108176,0.3626613999876752
mlp.dense_4h_to_h.weight,0.8,edited_perplexity,lnum,-0.4491769648036801,-0.45217391304347826,-0.3115942028985507,0.02767247487726247,0.0265272136321037,0.03393065843664443
mlp.dense_4h_to_h.weight,0.8,edited_perplexity,norm,-0.19560826822398164,-0.308695652173913,-0.18840579710144928,0.3596579309037282,0.14218991443004728,0.20826013369971733
mlp.dense_4h_to_h.weight,0.8,edited_perplexity,relative_error_x,0.7226890899922975,0.09565217391304347,0.07971014492753624,6.644282511943485e-05,0.6566056616723346,0.6061655660716706
mlp.dense_4h_to_h.weight,0.8,edited_perplexity,original_frobenius_norm,-0.10544300170897973,0.0539482385925381,0.04007345805723097,0.6238807176957053,0.8023054827743044,0.7847758927159629
mlp.dense_4h_to_h.weight,0.8,edited_perplexity,original_spectral_norm,-0.15142738669717823,0.12094847039294833,0.0910760410391613,0.4799848268933188,0.5734577556418841,0.534808111225036
mlp.dense_4h_to_h.weight,0.8,edited_perplexity,original_nuclear_norm,-0.038217531361709786,0.12007833751242353,0.0910760410391613,0.859275618224802,0.5762391727282896,0.534808111225036
mlp.dense_4h_to_h.weight,0.8,edited_perplexity,original_condition_number,-0.03798782196299236,0.15314338697236624,0.11293429088856001,0.8601133152045489,0.474963345004778,0.44150924638617717
mlp.dense_4h_to_h.weight,0.8,edited_perplexity,original_shannon_entropy,0.5124975621271431,0.060909301636736565,0.05464562462349678,0.010449417786456408,0.7773865193412077,0.7095876867822151
mlp.dense_4h_to_h.weight,0.8,edited_perplexity,diff_frobenius_norm,-0.036351568263797034,-0.09391304347826085,-0.043478260869565216,0.8660845386971416,0.6624853858393347,0.7872722233024857
mlp.dense_4h_to_h.weight,0.8,edited_perplexity,diff_spectral_norm,-0.285260341191972,-0.11913043478260868,-0.07246376811594202,0.17664595043782694,0.5792759020081248,0.6409517533780805
mlp.dense_4h_to_h.weight,0.8,edited_perplexity,diff_nuclear_norm,-0.048260438710684264,-0.19130434782608693,-0.10144927536231883,0.822807375242983,0.37053280666994315,0.5071416902683175
mlp.dense_4h_to_h.weight,0.8,edited_perplexity,diff_condition_number,-0.235443256132937,0.029565217391304344,0.007246376811594203,0.26807032021935284,0.8909226043767046,0.9804334461613707
mlp.dense_4h_to_h.weight,0.8,edited_perplexity,diff_shannon_entropy,-0.1639815360999396,-0.14956521739130432,-0.043478260869565216,0.4438774733636579,0.48546433225418195,0.7872722233024857
mlp.dense_4h_to_h.weight,0.8,edited_perplexity,energy_retained,-0.12760351259176517,0.18956521739130433,0.10869565217391304,0.552383172562303,0.3749803911439147,0.4760860141131976
mlp.dense_4h_to_h.weight,0.8,edited_perplexity,lnum_over_spectral,-0.46715281570331213,-0.3930434782608695,-0.2536231884057971,0.021359928414756243,0.057433088555270156,0.08702802518525976
mlp.dense_4h_to_h.weight,0.8,edited_perplexity,edited_frobenius_norm,-0.5618357409033856,-0.5704347826086955,-0.43478260869565216,0.004275080914299759,0.0036070460553329284,0.0024990547610735845
mlp.dense_4h_to_h.weight,0.8,edited_perplexity,edited_spectral_norm,-0.3268482694580179,-0.19913043478260867,-0.10869565217391304,0.11901645237019665,0.3508987130768876,0.4760860141131976
mlp.dense_4h_to_h.weight,0.8,edited_perplexity,edited_nuclear_norm,-0.5578104503914681,-0.5895652173913043,-0.4565217391304348,0.004621899827169865,0.00243045519129241,0.0014288748272159712
mlp.dense_4h_to_h.weight,0.8,edited_perplexity,edited_condition_number,-0.0006345378223239218,0.0634782608695652,0.021739130434782608,0.9976521255839266,0.768242407223753,0.9023967654678942
mlp.dense_4h_to_h.weight,0.8,edited_perplexity,edited_cut_off_sv,-0.4953947248181588,-0.3262998301968031,-0.20036729028615485,0.013834928303802877,0.1196734443403413,0.1720950255368997
mlp.dense_4h_to_h.weight,0.8,edited_perplexity,edited_shannon_entropy,0.5157122848027216,0.19565217391304346,0.15942028985507248,0.009896864790383554,0.3595479632342291,0.28955196649018894
mlp.dense_4h_to_h.weight,0.8,final_change_from_reduction,lnum,,,,,,
mlp.dense_4h_to_h.weight,0.8,final_change_from_reduction,norm,,,,,,
mlp.dense_4h_to_h.weight,0.8,final_change_from_reduction,relative_error_x,,,,,,
mlp.dense_4h_to_h.weight,0.8,final_change_from_reduction,original_frobenius_norm,,,,,,
mlp.dense_4h_to_h.weight,0.8,final_change_from_reduction,original_spectral_norm,,,,,,
mlp.dense_4h_to_h.weight,0.8,final_change_from_reduction,original_nuclear_norm,,,,,,
mlp.dense_4h_to_h.weight,0.8,final_change_from_reduction,original_condition_number,,,,,,
mlp.dense_4h_to_h.weight,0.8,final_change_from_reduction,original_shannon_entropy,,,,,,
mlp.dense_4h_to_h.weight,0.8,final_change_from_reduction,diff_frobenius_norm,,,,,,
mlp.dense_4h_to_h.weight,0.8,final_change_from_reduction,diff_spectral_norm,,,,,,
mlp.dense_4h_to_h.weight,0.8,final_change_from_reduction,diff_nuclear_norm,,,,,,
mlp.dense_4h_to_h.weight,0.8,final_change_from_reduction,diff_condition_number,,,,,,
mlp.dense_4h_to_h.weight,0.8,final_change_from_reduction,diff_shannon_entropy,,,,,,
mlp.dense_4h_to_h.weight,0.8,final_change_from_reduction,energy_retained,,,,,,
mlp.dense_4h_to_h.weight,0.8,final_change_from_reduction,lnum_over_spectral,,,,,,
mlp.dense_4h_to_h.weight,0.8,final_change_from_reduction,edited_frobenius_norm,,,,,,
mlp.dense_4h_to_h.weight,0.8,final_change_from_reduction,edited_spectral_norm,,,,,,
mlp.dense_4h_to_h.weight,0.8,final_change_from_reduction,edited_nuclear_norm,,,,,,
mlp.dense_4h_to_h.weight,0.8,final_change_from_reduction,edited_condition_number,,,,,,
mlp.dense_4h_to_h.weight,0.8,final_change_from_reduction,edited_cut_off_sv,,,,,,
mlp.dense_4h_to_h.weight,0.8,final_change_from_reduction,edited_shannon_entropy,,,,,,
mlp.dense_4h_to_h.weight,0.8,final_change_from_reduction_ratio,lnum,,,,,,
mlp.dense_4h_to_h.weight,0.8,final_change_from_reduction_ratio,norm,,,,,,
mlp.dense_4h_to_h.weight,0.8,final_change_from_reduction_ratio,relative_error_x,,,,,,
mlp.dense_4h_to_h.weight,0.8,final_change_from_reduction_ratio,original_frobenius_norm,,,,,,
mlp.dense_4h_to_h.weight,0.8,final_change_from_reduction_ratio,original_spectral_norm,,,,,,
mlp.dense_4h_to_h.weight,0.8,final_change_from_reduction_ratio,original_nuclear_norm,,,,,,
mlp.dense_4h_to_h.weight,0.8,final_change_from_reduction_ratio,original_condition_number,,,,,,
mlp.dense_4h_to_h.weight,0.8,final_change_from_reduction_ratio,original_shannon_entropy,,,,,,
mlp.dense_4h_to_h.weight,0.8,final_change_from_reduction_ratio,diff_frobenius_norm,,,,,,
mlp.dense_4h_to_h.weight,0.8,final_change_from_reduction_ratio,diff_spectral_norm,,,,,,
mlp.dense_4h_to_h.weight,0.8,final_change_from_reduction_ratio,diff_nuclear_norm,,,,,,
mlp.dense_4h_to_h.weight,0.8,final_change_from_reduction_ratio,diff_condition_number,,,,,,
mlp.dense_4h_to_h.weight,0.8,final_change_from_reduction_ratio,diff_shannon_entropy,,,,,,
mlp.dense_4h_to_h.weight,0.8,final_change_from_reduction_ratio,energy_retained,,,,,,
mlp.dense_4h_to_h.weight,0.8,final_change_from_reduction_ratio,lnum_over_spectral,,,,,,
mlp.dense_4h_to_h.weight,0.8,final_change_from_reduction_ratio,edited_frobenius_norm,,,,,,
mlp.dense_4h_to_h.weight,0.8,final_change_from_reduction_ratio,edited_spectral_norm,,,,,,
mlp.dense_4h_to_h.weight,0.8,final_change_from_reduction_ratio,edited_nuclear_norm,,,,,,
mlp.dense_4h_to_h.weight,0.8,final_change_from_reduction_ratio,edited_condition_number,,,,,,
mlp.dense_4h_to_h.weight,0.8,final_change_from_reduction_ratio,edited_cut_off_sv,,,,,,
mlp.dense_4h_to_h.weight,0.8,final_change_from_reduction_ratio,edited_shannon_entropy,,,,,,
mlp.dense_h_to_4h.weight,0.8,final_top1_accuracy,lnum,-0.6024896144441004,-0.7797347433729519,-0.5989120571285178,0.0018356344979786623,7.065402963116128e-06,4.2401970600344464e-05
mlp.dense_h_to_4h.weight,0.8,final_top1_accuracy,norm,-0.12844454983130654,0.06784083656786419,0.11978241142570356,0.5497452523428864,0.7527830706348321,0.41290211507306973
mlp.dense_h_to_4h.weight,0.8,final_top1_accuracy,relative_error_x,-0.03404504361161359,0.10697978074163199,0.06896563082085963,0.8745138141956483,0.6188042913594303,0.6373346215537954
mlp.dense_h_to_4h.weight,0.8,final_top1_accuracy,original_frobenius_norm,,,,,,
mlp.dense_h_to_4h.weight,0.8,final_top1_accuracy,original_spectral_norm,,,,,,
mlp.dense_h_to_4h.weight,0.8,final_top1_accuracy,original_nuclear_norm,,,,,,
mlp.dense_h_to_4h.weight,0.8,final_top1_accuracy,original_condition_number,,,,,,
mlp.dense_h_to_4h.weight,0.8,final_top1_accuracy,original_shannon_entropy,,,,,,
mlp.dense_h_to_4h.weight,0.8,final_top1_accuracy,diff_frobenius_norm,,,,,,
mlp.dense_h_to_4h.weight,0.8,final_top1_accuracy,diff_spectral_norm,,,,,,
mlp.dense_h_to_4h.weight,0.8,final_top1_accuracy,diff_nuclear_norm,,,,,,
mlp.dense_h_to_4h.weight,0.8,final_top1_accuracy,diff_condition_number,,,,,,
mlp.dense_h_to_4h.weight,0.8,final_top1_accuracy,diff_shannon_entropy,,,,,,
mlp.dense_h_to_4h.weight,0.8,final_top1_accuracy,energy_retained,,,,,,
mlp.dense_h_to_4h.weight,0.8,final_top1_accuracy,lnum_over_spectral,,,,,,
mlp.dense_h_to_4h.weight,0.8,final_top1_accuracy,edited_frobenius_norm,-0.07311535367627825,0.03522504975639103,0.0471870105616408,0.734215051961491,0.8701997277549341,0.7470311555982709
mlp.dense_h_to_4h.weight,0.8,final_top1_accuracy,edited_spectral_norm,0.11615365613860242,0.22526636757790802,0.1415610316849224,0.5888574882004307,0.2898997604064299,0.33320948190626254
mlp.dense_h_to_4h.weight,0.8,final_top1_accuracy,edited_nuclear_norm,-0.13620368893085052,-0.08175690560742607,-0.003629770043203138,0.5256850518396463,0.7041082092714002,0.9802048898067612
mlp.dense_h_to_4h.weight,0.8,final_top1_accuracy,edited_condition_number,0.037485246670691884,-0.5170689402512213,-0.395644934709142,0.8619466003364027,0.009671050912270666,0.006840479016626303
mlp.dense_h_to_4h.weight,0.8,final_top1_accuracy,edited_cut_off_sv,0.07742913211544908,0.5237059591126576,0.40727272727272723,0.7191353423452946,0.008626899695120796,0.005439224267761915
mlp.dense_h_to_4h.weight,0.8,final_top1_accuracy,edited_shannon_entropy,-0.11018604374679641,0.018699717771911283,0.032667930388828245,0.6082675706151233,0.9308890353970996,0.8232955415928233
mlp.dense_h_to_4h.weight,0.8,final_perplexity,lnum,0.7180264771506701,0.8443478260869565,0.7028985507246377,7.790754668018702e-05,2.139070702387755e-07,1.2265451832839693e-07
mlp.dense_h_to_4h.weight,0.8,final_perplexity,norm,0.24278620312325477,0.08782608695652173,0.014492753623188406,0.2529904645527979,0.6832152692148052,0.9413463081964002
mlp.dense_h_to_4h.weight,0.8,final_perplexity,relative_error_x,0.0014379016849130344,-0.03739130434782608,-0.014492753623188406,0.9946796018705875,0.8622893584755251,0.9413463081964002
mlp.dense_h_to_4h.weight,0.8,final_perplexity,original_frobenius_norm,,,,,,
mlp.dense_h_to_4h.weight,0.8,final_perplexity,original_spectral_norm,,,,,,
mlp.dense_h_to_4h.weight,0.8,final_perplexity,original_nuclear_norm,,,,,,
mlp.dense_h_to_4h.weight,0.8,final_perplexity,original_condition_number,,,,,,
mlp.dense_h_to_4h.weight,0.8,final_perplexity,original_shannon_entropy,,,,,,
mlp.dense_h_to_4h.weight,0.8,final_perplexity,diff_frobenius_norm,,,,,,
mlp.dense_h_to_4h.weight,0.8,final_perplexity,diff_spectral_norm,,,,,,
mlp.dense_h_to_4h.weight,0.8,final_perplexity,diff_nuclear_norm,,,,,,
mlp.dense_h_to_4h.weight,0.8,final_perplexity,diff_condition_number,,,,,,
mlp.dense_h_to_4h.weight,0.8,final_perplexity,diff_shannon_entropy,,,,,,
mlp.dense_h_to_4h.weight,0.8,final_perplexity,energy_retained,,,,,,
mlp.dense_h_to_4h.weight,0.8,final_perplexity,lnum_over_spectral,,,,,,
mlp.dense_h_to_4h.weight,0.8,final_perplexity,edited_frobenius_norm,0.1993622606381778,0.040869565217391296,0.0,0.350326637871061,0.8496151500324182,1.0
mlp.dense_h_to_4h.weight,0.8,final_perplexity,edited_spectral_norm,-0.13394494125667916,-0.28086956521739126,-0.16666666666666669,0.5326371405436546,0.1836936608986879,0.2675071977260416
mlp.dense_h_to_4h.weight,0.8,final_perplexity,edited_nuclear_norm,0.2919674005112365,0.17913043478260868,0.06521739130434782,0.16624571154945683,0.40230343183605966,0.6765261156179087
mlp.dense_h_to_4h.weight,0.8,final_perplexity,edited_condition_number,-0.11055494443630198,0.4060869565217391,0.3043478260869565,0.6070600396584467,0.04895342898055785,0.03852155158508768
mlp.dense_h_to_4h.weight,0.8,final_perplexity,edited_cut_off_sv,-0.09908715202817533,-0.4300935087539595,-0.3303090739314856,0.6450507375986235,0.03592617273479366,0.023952183036890295
mlp.dense_h_to_4h.weight,0.8,final_perplexity,edited_shannon_entropy,0.1336714222192072,0.08608695652173912,0.05072463768115942,0.5334819176031942,0.6891799258775774,0.749761450490796
mlp.dense_h_to_4h.weight,0.8,edited_top1_accuracy,lnum,0.6555630870122489,0.6652173913043479,0.5,0.0005061257901069334,0.00038981642152620497,0.0004213438298160803
mlp.dense_h_to_4h.weight,0.8,edited_top1_accuracy,norm,-0.1726222687956208,-0.005217391304347826,0.0,0.4198911764360055,0.9806966832535792,1.0
mlp.dense_h_to_4h.weight,0.8,edited_top1_accuracy,relative_error_x,-0.5501511313603875,-0.10782608695652172,-0.043478260869565216,0.00534736012117069,0.6160158821815656,0.7872722233024857
mlp.dense_h_to_4h.weight,0.8,edited_top1_accuracy,original_frobenius_norm,,,,,,
mlp.dense_h_to_4h.weight,0.8,edited_top1_accuracy,original_spectral_norm,,,,,,
mlp.dense_h_to_4h.weight,0.8,edited_top1_accuracy,original_nuclear_norm,,,,,,
mlp.dense_h_to_4h.weight,0.8,edited_top1_accuracy,original_condition_number,,,,,,
mlp.dense_h_to_4h.weight,0.8,edited_top1_accuracy,original_shannon_entropy,,,,,,
mlp.dense_h_to_4h.weight,0.8,edited_top1_accuracy,diff_frobenius_norm,,,,,,
mlp.dense_h_to_4h.weight,0.8,edited_top1_accuracy,diff_spectral_norm,,,,,,
mlp.dense_h_to_4h.weight,0.8,edited_top1_accuracy,diff_nuclear_norm,,,,,,
mlp.dense_h_to_4h.weight,0.8,edited_top1_accuracy,diff_condition_number,,,,,,
mlp.dense_h_to_4h.weight,0.8,edited_top1_accuracy,diff_shannon_entropy,,,,,,
mlp.dense_h_to_4h.weight,0.8,edited_top1_accuracy,energy_retained,,,,,,
mlp.dense_h_to_4h.weight,0.8,edited_top1_accuracy,lnum_over_spectral,,,,,,
mlp.dense_h_to_4h.weight,0.8,edited_top1_accuracy,edited_frobenius_norm,0.4311056604037745,0.2452173913043478,0.18840579710144928,0.03544442057295906,0.24812129907550184,0.20826013369971733
mlp.dense_h_to_4h.weight,0.8,edited_top1_accuracy,edited_spectral_norm,-0.05166152822856278,0.046956521739130425,0.03623188405797101,0.8105336043675624,0.8275237958648594,0.8252716626005498
mlp.dense_h_to_4h.weight,0.8,edited_top1_accuracy,edited_nuclear_norm,0.5031741445460627,0.32956521739130434,0.2391304347826087,0.01219787972987723,0.11580045288804089,0.10739735584843446
mlp.dense_h_to_4h.weight,0.8,edited_top1_accuracy,edited_condition_number,-0.149161375575871,0.1226086956521739,0.07246376811594202,0.48665679166280584,0.5681672657020507,0.6409517533780805
mlp.dense_h_to_4h.weight,0.8,edited_top1_accuracy,edited_cut_off_sv,0.010480902415339319,-0.11785170967878973,-0.06896563082085963,0.9612334096659993,0.5833834916295324,0.6373346215537954
mlp.dense_h_to_4h.weight,0.8,edited_top1_accuracy,edited_shannon_entropy,-0.07046311020195536,-0.1243478260869565,-0.09420289855072464,0.7435344727076221,0.5626487416883164,0.5392054402251256
mlp.dense_h_to_4h.weight,0.8,edited_perplexity,lnum,0.7385342564058672,0.5121739130434783,0.2391304347826087,3.775429135807858e-05,0.010506432119033723,0.10739735584843446
mlp.dense_h_to_4h.weight,0.8,edited_perplexity,norm,0.45216518928547467,0.5965217391304348,0.37681159420289856,0.026530491236063432,0.0020926990704682605,0.009534410075029406
mlp.dense_h_to_4h.weight,0.8,edited_perplexity,relative_error_x,0.06682788745654095,0.15739130434782608,0.10144927536231883,0.7563646113822315,0.46264909166367674,0.5071416902683175
mlp.dense_h_to_4h.weight,0.8,edited_perplexity,original_frobenius_norm,,,,,,
mlp.dense_h_to_4h.weight,0.8,edited_perplexity,original_spectral_norm,,,,,,
mlp.dense_h_to_4h.weight,0.8,edited_perplexity,original_nuclear_norm,,,,,,
mlp.dense_h_to_4h.weight,0.8,edited_perplexity,original_condition_number,,,,,,
mlp.dense_h_to_4h.weight,0.8,edited_perplexity,original_shannon_entropy,,,,,,
mlp.dense_h_to_4h.weight,0.8,edited_perplexity,diff_frobenius_norm,,,,,,
mlp.dense_h_to_4h.weight,0.8,edited_perplexity,diff_spectral_norm,,,,,,
mlp.dense_h_to_4h.weight,0.8,edited_perplexity,diff_nuclear_norm,,,,,,
mlp.dense_h_to_4h.weight,0.8,edited_perplexity,diff_condition_number,,,,,,
mlp.dense_h_to_4h.weight,0.8,edited_perplexity,diff_shannon_entropy,,,,,,
mlp.dense_h_to_4h.weight,0.8,edited_perplexity,energy_retained,,,,,,
mlp.dense_h_to_4h.weight,0.8,edited_perplexity,lnum_over_spectral,,,,,,
mlp.dense_h_to_4h.weight,0.8,edited_perplexity,edited_frobenius_norm,0.30006531440639705,0.36695652173913035,0.2608695652173913,0.15426891830116762,0.0777536160285957,0.0780550500276803
mlp.dense_h_to_4h.weight,0.8,edited_perplexity,edited_spectral_norm,-0.19431428261413863,-0.09304347826086956,-0.07971014492753624,0.36290770542085915,0.6654325452454303,0.6061655660716706
mlp.dense_h_to_4h.weight,0.8,edited_perplexity,edited_nuclear_norm,0.4442464704908683,0.4756521739130434,0.34057971014492755,0.029642543896524078,0.01881128388890944,0.019867880493143635
mlp.dense_h_to_4h.weight,0.8,edited_perplexity,edited_condition_number,-0.2220130696538083,-0.1034782608695652,-0.07246376811594202,0.29710602659174523,0.6303950708493536,0.6409517533780805
mlp.dense_h_to_4h.weight,0.8,edited_perplexity,edited_cut_off_sv,-0.19679616904995068,0.02870189239409639,0.032667930388828245,0.35668960190081256,0.8940900143664648,0.8232955415928233
mlp.dense_h_to_4h.weight,0.8,edited_perplexity,edited_shannon_entropy,0.2508120275584264,0.15739130434782608,0.12318840579710144,0.23714938358852916,0.46264909166367674,0.4171545702283505
mlp.dense_h_to_4h.weight,0.8,final_change_from_reduction,lnum,,,,,,
mlp.dense_h_to_4h.weight,0.8,final_change_from_reduction,norm,,,,,,
mlp.dense_h_to_4h.weight,0.8,final_change_from_reduction,relative_error_x,,,,,,
mlp.dense_h_to_4h.weight,0.8,final_change_from_reduction,original_frobenius_norm,,,,,,
mlp.dense_h_to_4h.weight,0.8,final_change_from_reduction,original_spectral_norm,,,,,,
mlp.dense_h_to_4h.weight,0.8,final_change_from_reduction,original_nuclear_norm,,,,,,
mlp.dense_h_to_4h.weight,0.8,final_change_from_reduction,original_condition_number,,,,,,
mlp.dense_h_to_4h.weight,0.8,final_change_from_reduction,original_shannon_entropy,,,,,,
mlp.dense_h_to_4h.weight,0.8,final_change_from_reduction,diff_frobenius_norm,,,,,,
mlp.dense_h_to_4h.weight,0.8,final_change_from_reduction,diff_spectral_norm,,,,,,
mlp.dense_h_to_4h.weight,0.8,final_change_from_reduction,diff_nuclear_norm,,,,,,
mlp.dense_h_to_4h.weight,0.8,final_change_from_reduction,diff_condition_number,,,,,,
mlp.dense_h_to_4h.weight,0.8,final_change_from_reduction,diff_shannon_entropy,,,,,,
mlp.dense_h_to_4h.weight,0.8,final_change_from_reduction,energy_retained,,,,,,
mlp.dense_h_to_4h.weight,0.8,final_change_from_reduction,lnum_over_spectral,,,,,,
mlp.dense_h_to_4h.weight,0.8,final_change_from_reduction,edited_frobenius_norm,,,,,,
mlp.dense_h_to_4h.weight,0.8,final_change_from_reduction,edited_spectral_norm,,,,,,
mlp.dense_h_to_4h.weight,0.8,final_change_from_reduction,edited_nuclear_norm,,,,,,
mlp.dense_h_to_4h.weight,0.8,final_change_from_reduction,edited_condition_number,,,,,,
mlp.dense_h_to_4h.weight,0.8,final_change_from_reduction,edited_cut_off_sv,,,,,,
mlp.dense_h_to_4h.weight,0.8,final_change_from_reduction,edited_shannon_entropy,,,,,,
mlp.dense_h_to_4h.weight,0.8,final_change_from_reduction_ratio,lnum,,,,,,
mlp.dense_h_to_4h.weight,0.8,final_change_from_reduction_ratio,norm,,,,,,
mlp.dense_h_to_4h.weight,0.8,final_change_from_reduction_ratio,relative_error_x,,,,,,
mlp.dense_h_to_4h.weight,0.8,final_change_from_reduction_ratio,original_frobenius_norm,,,,,,
mlp.dense_h_to_4h.weight,0.8,final_change_from_reduction_ratio,original_spectral_norm,,,,,,
mlp.dense_h_to_4h.weight,0.8,final_change_from_reduction_ratio,original_nuclear_norm,,,,,,
mlp.dense_h_to_4h.weight,0.8,final_change_from_reduction_ratio,original_condition_number,,,,,,
mlp.dense_h_to_4h.weight,0.8,final_change_from_reduction_ratio,original_shannon_entropy,,,,,,
mlp.dense_h_to_4h.weight,0.8,final_change_from_reduction_ratio,diff_frobenius_norm,,,,,,
mlp.dense_h_to_4h.weight,0.8,final_change_from_reduction_ratio,diff_spectral_norm,,,,,,
mlp.dense_h_to_4h.weight,0.8,final_change_from_reduction_ratio,diff_nuclear_norm,,,,,,
mlp.dense_h_to_4h.weight,0.8,final_change_from_reduction_ratio,diff_condition_number,,,,,,
mlp.dense_h_to_4h.weight,0.8,final_change_from_reduction_ratio,diff_shannon_entropy,,,,,,
mlp.dense_h_to_4h.weight,0.8,final_change_from_reduction_ratio,energy_retained,,,,,,
mlp.dense_h_to_4h.weight,0.8,final_change_from_reduction_ratio,lnum_over_spectral,,,,,,
mlp.dense_h_to_4h.weight,0.8,final_change_from_reduction_ratio,edited_frobenius_norm,,,,,,
mlp.dense_h_to_4h.weight,0.8,final_change_from_reduction_ratio,edited_spectral_norm,,,,,,
mlp.dense_h_to_4h.weight,0.8,final_change_from_reduction_ratio,edited_nuclear_norm,,,,,,
mlp.dense_h_to_4h.weight,0.8,final_change_from_reduction_ratio,edited_condition_number,,,,,,
mlp.dense_h_to_4h.weight,0.8,final_change_from_reduction_ratio,edited_cut_off_sv,,,,,,
mlp.dense_h_to_4h.weight,0.8,final_change_from_reduction_ratio,edited_shannon_entropy,,,,,,
